,country,year,trade_co2,cement_co2,cement_co2_per_capita,coal_co2,coal_co2_per_capita,flaring_co2,flaring_co2_per_capita,gas_co2,gas_co2_per_capita,oil_co2,oil_co2_per_capita,other_industry_co2,other_co2_per_capita,co2_growth_prct,co2_growth_abs,co2_per_gdp,co2_per_unit_energy,consumption_co2,consumption_co2_per_capita,consumption_co2_per_gdp,cumulative_co2,cumulative_cement_co2,cumulative_coal_co2,cumulative_flaring_co2,cumulative_gas_co2,cumulative_oil_co2,cumulative_other_co2,trade_co2_share,share_global_co2,share_global_cement_co2,share_global_coal_co2,share_global_flaring_co2,share_global_gas_co2,share_global_oil_co2,share_global_other_co2,share_global_cumulative_co2,share_global_cumulative_cement_co2,share_global_cumulative_coal_co2,share_global_cumulative_flaring_co2,share_global_cumulative_gas_co2,share_global_cumulative_oil_co2,share_global_cumulative_other_co2,"PM2.5 air pollution, mean annual exposure (micrograms per cubic meter)",Deaths - Cause: All causes - Risk: Outdoor air pollution - OWID - Sex: Both - Age: All Ages (Number),rate Deaths - Cause: All causes - Risk: Outdoor air pollution - OWID - Sex: Both - Age: All Ages (Number),category
0,Africa,1990,-203.224,22.801,0.036,295.76,0.472,20.795,0.033,75.954,0.121,243.984,0.39,,,-5.71,-39.926,0.468,0.249,456.07,0.728,0.323,15930.837,421.839,8354.438,1313.871,674.894,5165.796,,-30.82,2.9,4.57,3.39,8.22,1.98,2.65,,1.97,3.48,1.91,16.08,0.86,1.92,,46.71909567,169060,26.82003403,Africa
1,Africa,1991,-213.043,24.426,0.038,306.508,0.475,20.799,0.032,78.466,0.122,258.828,0.401,,,4.51,29.731,0.472,0.259,475.983,0.738,0.326,16619.863,446.264,8660.946,1334.669,753.36,5424.624,,-30.92,2.97,4.77,3.55,7.77,2.0,2.67,,2.0,3.53,1.94,15.81,0.92,1.94,,46.53055893,173284,26.76845526,Africa
2,Africa,1992,-183.457,24.904,0.038,288.587,0.436,23.351,0.035,74.273,0.112,257.562,0.389,,,-2.95,-20.348,0.45,0.246,485.22,0.733,0.326,17288.54,471.169,8949.532,1358.02,827.633,5682.186,,-27.44,2.96,4.66,3.42,9.84,1.87,2.8,,2.03,3.57,1.97,15.65,0.96,1.97,,46.34202218,177903,26.77197566,Africa
3,Africa,1993,-208.188,24.609,0.036,318.855,0.469,21.79,0.032,81.722,0.12,261.882,0.386,,,6.01,40.181,0.465,0.262,500.671,0.737,0.328,17997.398,495.778,9268.387,1379.81,909.354,5944.069,,-29.37,3.11,4.43,3.74,9.33,2.01,2.85,,2.05,3.61,2.0,15.48,1.01,2.0,,46.15348544,183152,26.86027823,Africa
4,Africa,1994,-215.113,25.111,0.036,330.702,0.473,21.797,0.031,85.588,0.122,256.425,0.367,,,1.52,10.764,0.453,0.26,504.509,0.722,0.318,18717.021,520.889,9599.089,1401.607,994.943,6200.493,,-29.89,3.13,4.24,3.86,9.2,2.08,2.78,,2.08,3.63,2.03,15.32,1.05,2.02,,45.9649487,188664,26.97337015,Africa
5,Africa,1995,-243.635,27.083,0.038,346.864,0.484,24.097,0.034,101.557,0.142,272.393,0.38,,,7.28,52.372,0.464,0.268,528.36,0.737,0.318,19489.015,547.971,9945.954,1425.704,1096.499,6472.887,,-31.56,3.29,4.32,3.93,10.25,2.41,2.92,,2.11,3.66,2.07,15.19,1.11,2.05,,45.77641195,192552,26.84511689,Africa
6,Africa,1996,-260.589,27.681,0.038,353.13,0.48,23.787,0.032,108.019,0.147,270.637,0.368,,,1.46,11.26,0.439,0.265,522.665,0.711,0.293,20272.269,575.652,10299.084,1449.491,1204.519,6743.524,,-33.27,3.24,4.33,3.9,10.03,2.45,2.82,,2.14,3.69,2.1,15.07,1.17,2.07,,45.76638035,198038,26.9307145,Africa
7,Africa,1997,-255.582,28.35,0.038,360.837,0.479,23.394,0.031,95.205,0.126,305.117,0.405,,,3.79,29.649,0.432,0.27,557.322,0.74,0.296,21085.173,604.002,10659.921,1472.885,1299.724,7048.641,,-31.44,3.35,4.3,4.01,9.63,2.16,3.13,,2.17,3.72,2.14,14.93,1.21,2.1,,45.75634876,207919,27.58506467,Africa
8,Africa,1998,-264.655,29.203,0.038,355.514,0.46,22.961,0.03,112.712,0.146,317.632,0.411,,,3.09,25.119,0.422,0.277,573.367,0.743,0.289,21923.195,633.205,11015.435,1495.846,1412.436,7366.273,,-31.58,3.46,4.46,4.06,9.92,2.51,3.22,,2.2,3.74,2.17,14.82,1.26,2.13,,45.74631716,215795,27.93690036,Africa
9,Africa,1999,-233.158,30.311,0.038,366.523,0.463,23.569,0.03,114.377,0.145,295.618,0.374,,,-0.91,-7.625,0.399,0.265,597.24,0.755,0.287,22753.592,663.516,11381.958,1519.415,1526.812,7661.891,,-28.08,3.39,4.42,4.22,10.53,2.47,2.93,,2.23,3.77,2.21,14.72,1.31,2.16,,45.73628556,223212,28.20098868,Africa
10,Africa,2000,-266.512,31.51,0.039,370.247,0.457,55.282,0.068,114.35,0.141,315.173,0.389,,,6.76,56.165,0.402,0.275,620.049,0.765,0.282,23640.154,695.026,11752.205,1574.697,1641.162,7977.064,,-30.06,3.51,4.39,4.11,20.5,2.42,3.06,,2.26,3.8,2.24,14.87,1.35,2.18,,45.72625397,226947,27.98414465,Africa
11,Africa,2001,-275.648,32.908,0.04,371.98,0.448,58.049,0.07,120.126,0.145,301.105,0.362,,,-0.27,-2.394,0.376,0.264,608.52,0.733,0.259,24524.322,727.934,12124.185,1632.746,1761.288,8278.169,,-31.18,3.47,4.4,4.1,21.36,2.51,2.9,,2.29,3.82,2.27,15.03,1.4,2.2,,45.19158296,233898,28.14987186,Africa
12,Africa,2002,-292.434,35.231,0.041,361.119,0.424,71.508,0.084,134.359,0.158,290.358,0.341,,,0.95,8.406,0.355,0.264,600.14,0.705,0.239,25416.897,763.165,12485.304,1704.254,1895.646,8568.528,,-32.76,3.43,4.47,3.82,24.92,2.73,2.8,,2.32,3.84,2.3,15.29,1.45,2.22,,44.65691194,240765,28.28209116,Africa
13,Africa,2003,-298.849,35.508,0.041,390.893,0.448,66.519,0.076,145.785,0.167,328.515,0.377,,,8.36,74.645,0.36,0.272,668.371,0.767,0.248,26384.116,798.673,12876.197,1770.773,2041.431,8897.043,,-30.9,3.53,4.19,3.81,23.07,2.86,3.08,,2.35,3.86,2.32,15.48,1.5,2.24,,44.12224093,248444,28.48317271,Africa
14,Africa,2004,-320.442,38.17,0.043,417.515,0.467,76.777,0.086,152.691,0.171,351.532,0.394,,,7.18,69.466,0.358,0.275,716.243,0.802,0.247,27420.802,836.843,13293.712,1847.55,2194.122,9248.575,,-30.91,3.62,4.21,3.83,24.67,2.9,3.19,,2.38,3.87,2.35,15.73,1.55,2.27,,43.58756992,253462,28.35644075,Africa
15,Africa,2005,-320.873,41.9,0.046,412.792,0.451,75.649,0.083,183.64,0.2,343.361,0.375,,,1.99,20.656,0.338,0.275,736.469,0.804,0.236,28478.144,878.743,13706.504,1923.198,2377.762,9591.936,,-30.35,3.57,4.36,3.57,22.78,3.4,3.09,,2.41,3.89,2.38,15.92,1.62,2.29,,43.05289891,258604,28.22712334,Africa
16,Africa,2006,-329.516,45.788,0.049,419.148,0.446,73.553,0.078,179.347,0.191,372.359,0.397,,,3.11,32.853,0.323,0.279,760.679,0.81,0.225,29568.339,924.531,14125.652,1996.751,2557.109,9964.295,,-30.23,3.56,4.37,3.43,22.06,3.25,3.32,,2.44,3.92,2.4,16.09,1.68,2.32,,42.87193311,267694,28.50203746,Africa
17,Africa,2007,-332.263,48.967,0.051,430.406,0.447,76.349,0.079,192.326,0.2,384.245,0.399,,,3.86,42.098,0.308,0.282,800.03,0.831,0.218,30700.632,973.499,14556.058,2073.1,2749.435,10348.54,,-29.34,3.6,4.36,3.36,21.91,3.37,3.42,,2.47,3.94,2.42,16.25,1.74,2.34,,42.6909673,274436,28.49738079,Africa
18,Africa,2008,-347.099,51.222,0.052,454.72,0.461,72.03,0.073,195.084,0.198,408.335,0.414,,,4.34,49.098,0.297,0.274,834.292,0.845,0.21,31882.023,1024.721,15010.778,2145.13,2944.519,10756.874,,-29.38,3.68,4.5,3.44,19.87,3.32,3.65,,2.5,3.96,2.44,16.35,1.8,2.38,,42.5100015,282637,28.61788876,Africa
19,Africa,2009,-338.596,57.625,0.057,443.29,0.438,60.76,0.06,191.718,0.189,437.642,0.432,,,0.82,9.644,0.283,0.277,852.44,0.842,0.202,33073.058,1082.346,15454.068,2205.89,3136.237,11194.517,,-28.43,3.77,4.92,3.39,16.53,3.33,3.98,,2.53,4.0,2.46,16.35,1.85,2.41,,42.32903569,292369,28.86039525,Africa
20,Africa,2010,-356.829,59.085,0.057,441.757,0.425,64.329,0.062,201.912,0.194,450.94,0.434,,,2.27,26.988,0.267,0.27,861.195,0.829,0.189,34291.081,1141.431,15895.825,2270.22,3338.149,11645.457,,-29.3,3.65,4.74,3.16,17.52,3.25,3.99,,2.56,4.03,2.48,16.38,1.9,2.45,,42.14806988,301219,28.9827607,Africa
21,Africa,2011,-364.151,58.875,0.055,432.931,0.406,58.086,0.054,221.731,0.208,487.086,0.457,,,3.34,40.686,0.268,0.274,894.558,0.839,0.19,35549.79,1200.306,16328.756,2328.306,3559.88,12132.543,,-28.93,3.65,4.38,2.93,16.39,3.48,4.3,,2.58,4.05,2.49,16.38,1.95,2.49,,41.81991322,311465,29.20687957,Africa
22,Africa,2012,-346.813,63.528,0.058,429.56,0.393,59.397,0.054,234.038,0.214,466.622,0.427,,,-0.44,-5.565,0.252,0.262,906.331,0.829,0.182,36802.935,1263.834,16758.316,2387.703,3793.917,12599.165,,-27.68,3.58,4.61,2.87,16.3,3.6,4.06,,2.61,4.08,2.5,16.38,2.01,2.53,,43.2374383,327136,29.89336902,Africa
23,Africa,2013,-297.2,65.929,0.059,427.34,0.381,56.979,0.051,236.615,0.211,473.454,0.422,,,0.57,7.172,0.248,0.258,963.117,0.858,0.189,38063.251,1329.763,17185.657,2444.682,4030.532,13072.618,,-23.58,3.57,4.58,2.84,15.41,3.61,4.09,,2.63,4.1,2.5,16.36,2.06,2.57,,41.81167153,341977,30.45086869,Africa
24,Africa,2014,-358.12,69.852,0.061,455.167,0.395,57.121,0.05,246.717,0.214,534.641,0.464,,,8.19,103.183,0.256,0.268,1005.38,0.873,0.189,39426.751,1399.615,17640.824,2501.803,4277.249,13607.259,,-26.26,3.84,4.68,3.02,14.97,3.7,4.6,,2.66,4.12,2.51,16.32,2.12,2.61,,40.93724746,356071,30.89731111,Africa
25,Africa,2015,-333.37,73.106,0.062,428.573,0.363,54.317,0.046,253.844,0.215,512.896,0.434,,,-2.99,-40.765,0.24,0.258,989.366,0.837,0.18,40749.486,1472.721,18069.397,2556.12,4531.093,14120.155,,-25.2,3.73,5.09,2.91,14.59,3.74,4.32,,2.69,4.16,2.52,16.28,2.17,2.65,,49.69521769,370225,31.31028845,Africa
26,Africa,2016,-338.433,77.335,0.064,434.484,0.358,47.603,0.039,266.183,0.22,531.115,0.438,,,2.57,33.984,0.241,0.253,1018.286,0.84,0.181,42106.205,1550.056,18503.881,2603.723,4797.276,14651.27,,-24.94,3.83,5.23,3.03,12.28,3.82,4.44,,2.71,4.21,2.53,16.18,2.22,2.69,,48.28726421,373196,30.76533612,Africa
27,Africa,2017,-358.402,76.797,0.062,439.67,0.354,49.472,0.04,284.093,0.228,534.341,0.43,,,2.04,27.653,0.237,0.409,1025.97,0.825,0.176,43490.577,1626.853,18943.55,2653.195,5081.368,15185.611,,-25.89,3.85,5.12,3.04,11.7,3.99,4.4,,2.74,4.24,2.54,16.07,2.28,2.73,,48.34794284,374338,30.08610353,Africa
28,Asia,1990,-62.194,242.821,0.075,3256.342,1.01,79.745,0.025,648.17,0.201,2312.63,0.717,86.129,0.027,3.18,204.355,0.465,0.264,6563.644,2.035,0.46,130165.148,3742.077,68521.817,3545.102,7074.173,46108.174,1173.805,-0.94,29.13,48.64,37.37,31.51,16.87,25.09,38.65,16.12,30.83,15.66,43.38,9.02,17.12,63.45,47.82145091,1269376,39.35644081,Asia
29,Asia,1991,-220.182,267.696,0.082,3372.281,1.028,72.248,0.022,698.858,0.213,2455.515,0.748,89.749,0.027,4.99,330.509,0.471,0.265,6736.165,2.053,0.456,137121.495,4009.773,71894.098,3617.351,7773.03,48563.689,1263.554,-3.17,29.94,52.22,39.06,26.99,17.83,25.34,41.68,16.5,31.7,16.11,42.86,9.44,17.4,61.18,47.86814662,1307105,39.82450956,Asia
30,Asia,1992,-10.525,299.26,0.09,3432.37,1.029,68.744,0.021,746.431,0.224,2624.788,0.787,97.993,0.029,4.5,313.238,0.471,0.262,7259.061,2.176,0.471,144391.081,4309.033,75326.467,3686.095,8519.461,51188.477,1361.548,-0.14,32.21,56.0,40.7,28.97,18.84,28.57,45.43,16.92,32.69,16.56,42.48,9.88,17.76,59.69,47.91484234,1353316,40.55838191,Asia
31,Asia,1993,-105.805,329.406,0.097,3564.006,1.052,65.91,0.02,804.68,0.238,2729.539,0.806,106.975,0.032,4.55,330.93,0.468,0.262,7494.71,2.212,0.461,151991.596,4638.439,78890.473,3752.005,9324.141,53918.015,1468.523,-1.39,33.33,59.26,41.78,28.22,19.77,29.67,49.74,17.35,33.76,17.03,42.1,10.32,18.13,58.83,47.96153805,1398933,41.27344045,Asia
32,Asia,1994,-285.039,360.606,0.105,3721.136,1.082,69.458,0.02,855.445,0.249,2814.337,0.818,110.312,0.032,4.35,330.779,0.466,0.259,7646.255,2.223,0.45,159922.89,4999.045,82611.609,3821.463,10179.586,56732.352,1578.835,-3.59,34.54,60.86,43.38,29.3,20.83,30.47,51.24,17.79,34.88,17.51,41.77,10.78,18.5,58.23,48.00823377,1443560,41.95083689,Asia
33,Asia,1995,-249.639,390.278,0.112,3937.114,1.128,62.911,0.018,863.764,0.247,2884.125,0.826,113.417,0.032,4.04,320.314,0.457,0.259,8001.97,2.292,0.443,168174.499,5389.323,86548.723,3884.374,11043.35,59616.477,1692.252,-3.03,35.18,62.29,44.62,26.76,20.49,30.91,51.01,18.23,36.03,18.01,41.4,11.19,18.86,57.68,48.05492948,1487301,42.58884196,Asia
34,Asia,1996,-333.485,407.105,0.115,4100.706,1.158,64.542,0.018,906.194,0.256,2985.4,0.843,115.153,0.032,3.97,327.492,0.448,0.258,8245.616,2.328,0.431,176753.599,5796.429,90649.429,3948.915,11949.544,62601.877,1807.406,-3.89,35.52,63.7,45.32,27.2,20.59,31.07,52.18,18.67,37.16,18.51,41.05,11.59,19.22,57.3,48.16585071,1545446,43.61997404,Asia
35,Asia,1997,-438.262,418.427,0.116,4103.185,1.142,67.878,0.019,957.815,0.267,3026.478,0.842,117.255,0.033,1.3,111.938,0.439,0.254,8252.777,2.297,0.417,185444.638,6214.856,94752.614,4016.793,12907.359,65628.355,1924.661,-5.04,35.76,63.51,45.59,27.95,21.68,31.01,52.76,19.1,38.23,19.0,40.72,12.01,19.57,57.0,48.27677194,1624115,45.20041844,Asia
36,Asia,1998,-624.377,408.082,0.112,3916.006,1.075,66.318,0.018,958.014,0.263,2958.25,0.812,114.763,0.032,-3.1,-269.605,0.424,0.246,7797.057,2.141,0.393,193866.071,6622.938,98668.621,4083.111,13865.373,68586.605,2039.424,-7.41,34.79,62.37,44.69,28.65,21.34,30.03,52.38,19.48,39.17,19.44,40.45,12.38,19.87,56.72,48.38769317,1691030,46.42174313,Asia
37,Asia,1999,-558.975,434.97,0.118,3912.77,1.06,65.133,0.018,1039.325,0.282,3113.47,0.844,112.649,0.03,3.05,256.883,0.423,0.244,8119.341,2.2,0.396,202544.388,7057.908,102581.391,4148.244,14904.698,71700.074,2152.074,-6.44,35.39,63.49,45.0,29.09,22.48,30.9,51.78,19.86,40.11,19.87,40.2,12.78,20.18,56.44,48.49861441,1771581,47.98678625,Asia
38,Asia,2000,-628.065,460.032,0.123,4070.052,1.088,66.735,0.018,1073.287,0.287,3310.205,0.885,110.744,0.03,4.76,412.738,0.419,0.247,8462.99,2.263,0.39,211635.443,7517.94,106651.443,4214.979,15977.984,75010.279,2262.818,-6.91,36.03,64.1,45.16,24.75,22.67,32.19,51.52,20.25,41.05,20.31,39.81,13.17,20.52,56.17,48.60953564,1847321,49.38938295,Asia
39,Asia,2001,-667.795,493.168,0.13,4149.993,1.096,71.876,0.019,1114.378,0.294,3320.907,0.877,108.85,0.029,1.85,168.117,0.412,0.244,8591.377,2.268,0.382,220894.615,8011.107,110801.436,4286.855,17092.363,78331.186,2371.668,-7.21,36.38,65.94,45.79,26.44,23.3,32.01,51.5,20.63,42.03,20.74,39.47,13.55,20.83,55.94,49.196309,1914088,50.52597009,Asia
40,Asia,2002,-771.636,530.477,0.138,4569.398,1.191,64.87,0.017,1182.972,0.308,3321.209,0.866,110.608,0.029,5.62,520.362,0.414,0.245,9007.899,2.348,0.382,230674.149,8541.585,115370.834,4351.725,18275.335,81652.395,2482.276,-7.89,37.56,67.26,48.33,22.61,24.03,32.03,51.5,21.04,43.03,21.22,39.04,13.95,21.13,55.73,49.78308236,1980923,51.64163055,Asia
41,Asia,2003,-893.319,584.558,0.15,5230.334,1.347,71.404,0.018,1272.129,0.328,3443.439,0.887,114.246,0.029,9.58,936.576,0.43,0.249,9822.791,2.53,0.394,241390.259,9126.143,120601.167,4423.128,19547.464,85095.833,2596.523,-8.34,39.16,68.96,51.02,24.76,24.96,32.29,52.07,21.48,44.09,21.77,38.68,14.36,21.43,55.55,50.36985572,2052730,52.86261741,Asia
42,Asia,2004,-1103.937,630.325,0.16,5838.552,1.486,80.218,0.02,1369.146,0.348,3643.198,0.927,120.062,0.03,9.01,965.39,0.437,0.248,10577.564,2.691,0.396,253071.76,9756.469,126439.719,4503.346,20916.61,88739.031,2716.585,-9.45,40.81,69.51,53.58,25.77,25.99,33.08,52.18,21.96,45.16,22.38,38.34,14.79,21.75,55.4,50.95662908,2118183,53.89592045,Asia
43,Asia,2005,-1242.648,670.905,0.169,6527.283,1.641,90.114,0.023,1453.01,0.365,3651.167,0.918,129.739,0.033,7.2,840.718,0.438,0.246,11279.571,2.836,0.394,265593.979,10427.373,132967.003,4593.46,22369.621,92390.198,2846.324,-9.92,42.3,69.87,56.42,27.13,26.94,32.88,53.83,22.47,46.21,23.07,38.03,15.24,22.04,55.32,51.54340244,2189795,55.06204899,Asia
44,Asia,2006,-1472.15,741.049,0.184,7118.46,1.769,100.341,0.025,1574.45,0.391,3691.894,0.918,136.932,0.034,6.72,840.909,0.435,0.249,11890.977,2.955,0.387,278957.106,11168.422,140085.463,4693.802,23944.071,96082.092,2983.256,-11.02,43.69,70.75,58.24,30.09,28.53,32.94,54.37,23.0,47.3,23.8,37.82,15.72,22.33,55.28,52.01228287,2251745,55.96296258,Asia
45,Asia,2007,-1528.46,802.205,0.197,7670.906,1.885,93.509,0.023,1658.173,0.407,3712.95,0.912,143.165,0.035,5.37,717.781,0.427,0.247,12552.448,3.084,0.381,293038.014,11970.628,147756.369,4787.311,25602.244,99795.042,3126.421,-10.85,44.71,71.45,59.88,26.84,29.06,33.01,55.27,23.55,48.4,24.57,37.52,16.2,22.6,55.28,52.48116331,2343093,57.56771355,Asia
46,Asia,2008,-1529.196,830.348,0.202,8178.853,1.987,97.497,0.024,1772.604,0.431,3785.003,0.92,146.906,0.036,5.19,730.303,0.432,0.252,13282.016,3.226,0.387,307849.226,12800.976,155935.222,4884.808,27374.847,103580.045,3273.327,-10.32,46.18,72.92,61.8,26.9,30.18,33.79,56.69,24.12,49.48,25.37,37.22,16.7,22.88,55.34,52.95004374,2462476,59.81978993,Asia
47,Asia,2009,-1409.606,898.594,0.216,8548.97,2.054,112.171,0.027,1840.91,0.442,3862.377,0.928,149.277,0.036,4.06,601.088,0.434,0.256,14002.694,3.364,0.394,323261.525,13699.57,164484.192,4996.979,29215.757,107442.422,3422.604,-9.15,48.76,76.77,65.42,30.52,31.96,35.11,61.55,24.72,50.66,26.2,37.04,17.22,23.17,55.58,53.41892417,2535778,60.91791279,Asia
48,Asia,2010,-1490.688,968.791,0.23,9248.971,2.198,111.022,0.026,2019.057,0.48,4042.998,0.961,140.11,0.033,7.26,1118.651,0.429,0.258,15040.263,3.574,0.39,339792.476,14668.361,173733.164,5108.001,31234.814,111485.421,3562.715,-9.02,49.58,77.65,66.2,30.24,32.53,35.76,57.16,25.33,51.85,27.07,36.86,17.76,23.47,55.64,53.8878046,2633128,62.56718122,Asia
49,Asia,2011,-1657.998,1057.353,0.249,10132.133,2.382,105.814,0.025,2198.413,0.517,4086.3,0.961,166.619,0.039,7.35,1215.681,0.435,0.263,16088.634,3.782,0.394,357539.107,15725.714,183865.296,5213.815,33433.227,115571.721,3729.333,-9.34,51.49,78.71,68.55,29.87,34.47,36.04,60.7,25.99,53.07,28.01,36.69,18.35,23.76,55.85,54.52067386,2743692,64.49577375,Asia
50,Asia,2012,-1613.156,1083.775,0.252,10498.536,2.442,108.017,0.025,2275.855,0.529,4321.428,1.005,168.688,0.039,4.0,709.668,0.434,0.264,16843.143,3.918,0.396,375995.407,16809.489,194363.833,5321.833,35709.083,119893.149,3898.021,-8.74,52.77,78.66,70.23,29.64,34.97,37.58,61.24,26.65,54.2,28.95,36.51,18.92,24.08,56.07,50.09644907,2851278,66.31916818,Asia
51,Asia,2013,-1560.819,1142.451,0.263,10607.99,2.442,111.991,0.026,2309.748,0.532,4355.425,1.003,186.73,0.043,1.4,258.035,0.419,0.26,17153.516,3.949,0.384,394709.742,17951.939,204971.822,5433.824,38018.831,124248.574,4084.752,-8.34,53.04,79.4,70.52,30.28,35.25,37.59,63.69,27.3,55.32,29.86,36.36,19.47,24.39,56.37,50.86595329,2976717,68.52183598,Asia
52,Asia,2014,-1537.759,1186.575,0.27,10719.039,2.442,118.423,0.027,2480.009,0.565,4319.299,0.984,195.456,0.044,1.63,304.467,0.407,0.259,17481.043,3.983,0.374,413728.544,19138.514,215690.862,5552.247,40498.84,128567.873,4280.208,-8.09,53.52,79.43,71.16,31.04,37.24,37.13,64.32,27.93,56.38,30.74,36.22,20.05,24.67,56.69,48.7694851,3072012,70.00065995,Asia
53,Asia,2015,-1429.29,1130.591,0.255,10647.174,2.402,104.559,0.024,2562.234,0.578,4495.51,1.014,195.842,0.044,0.62,117.108,0.395,0.256,17706.621,3.995,0.365,432864.455,20269.106,226338.036,5656.806,43061.074,133063.383,4476.05,-7.47,53.91,78.66,72.34,28.08,37.76,37.84,64.96,28.53,57.29,31.6,36.03,20.63,24.96,57.01,48.64814787,3151685,71.10698298,Asia
54,Asia,2016,-1388.005,1176.359,0.263,10504.449,2.347,130.364,0.029,2659.839,0.594,4549.715,1.017,197.44,0.044,0.43,82.256,0.383,0.251,17830.162,3.984,0.356,452082.621,21445.465,236842.485,5787.171,45720.912,137613.098,4673.49,-7.22,54.21,79.55,73.15,33.63,38.18,38.04,66.07,29.12,58.18,32.42,35.97,21.2,25.25,57.34,46.50386205,3199177,71.48299862,Asia
55,Asia,2017,-1430.379,1195.419,0.265,10693.833,2.367,163.145,0.036,2762.551,0.612,4638.977,1.027,199.587,0.044,2.27,435.347,0.379,0.254,18223.134,4.034,0.351,471736.134,22640.884,247536.318,5950.316,48483.464,142252.075,4873.077,-7.28,54.71,79.67,73.99,38.58,38.82,38.24,66.34,29.7,59.02,33.22,36.04,21.76,25.53,57.66,46.90107292,3235892,71.62443644,Asia
56,Europe,1990,-275.842,153.879,0.213,2990.532,4.146,63.074,0.087,1745.321,2.42,2959.767,4.103,103.016,0.143,2.58,201.621,0.604,0.233,7739.747,10.73,0.583,346238.815,5289.829,226402.898,679.957,27103.245,86659.869,103.016,-3.44,35.23,30.83,34.32,24.92,45.43,32.11,46.22,42.87,43.59,51.73,8.32,34.58,32.17,5.57,18.56617065,599175,83.03109914,Europe
57,Europe,1991,-83.969,141.499,0.196,2784.894,3.85,59.945,0.083,1740.851,2.407,2895.04,4.003,92.156,0.127,-3.76,-301.203,0.58,0.227,7630.416,10.55,0.574,353953.201,5431.328,229187.792,739.902,28844.096,89554.909,195.173,-1.09,33.2,27.61,32.26,22.39,44.42,29.87,42.79,42.6,42.94,51.35,8.77,35.05,32.09,9.45,18.32971503,600724,83.02350164,Europe
58,Europe,1992,-446.927,132.116,0.182,2514.334,3.469,55.255,0.076,1718.98,2.371,2573.797,3.551,84.336,0.116,-8.24,-635.568,0.539,0.213,6631.89,9.149,0.505,361032.019,5563.444,231702.126,795.158,30563.076,92128.706,279.508,-6.31,31.36,24.72,29.82,23.29,43.38,28.02,39.1,42.3,42.2,50.95,9.16,35.43,31.96,12.25,18.09325942,605893,83.54947926,Europe
59,Europe,1993,-243.99,119.667,0.165,2395.362,3.299,51.239,0.071,1712.644,2.358,2438.279,3.358,74.792,0.103,-4.05,-286.833,0.523,0.213,6547.994,9.017,0.504,367824.003,5683.111,234097.489,846.397,32275.72,94566.985,354.301,-3.59,29.78,21.53,28.08,21.94,42.08,26.51,34.78,41.98,41.37,50.53,9.5,35.73,31.79,14.19,17.8568038,630226,86.75116541,Europe
60,Europe,1994,-52.377,118.661,0.163,2249.938,3.094,48.118,0.066,1647.625,2.266,2299.753,3.163,69.69,0.096,-5.27,-358.199,0.49,0.21,6381.408,8.777,0.486,374257.788,5801.772,236347.427,894.515,33923.345,96866.738,423.99,-0.81,28.02,20.03,26.23,20.3,40.12,24.9,32.37,41.62,40.48,50.09,9.78,35.92,31.58,15.64,17.62034819,641037,88.13122893,Europe
61,Europe,1995,-30.903,120.3,0.165,2231.814,3.068,50.903,0.07,1656.923,2.277,2284.604,3.14,70.697,0.097,-0.29,-18.544,0.476,0.21,6384.338,8.775,0.474,380673.029,5922.072,238579.241,945.418,35580.268,99151.342,494.687,-0.48,27.35,19.2,25.3,21.65,39.31,24.48,31.8,41.26,39.59,49.64,10.08,36.06,31.37,16.86,17.38389257,634060,87.11412425,Europe
62,Europe,1996,79.091,112.012,0.154,2192.261,3.013,51.227,0.07,1743.8,2.397,2299.171,3.16,65.884,0.091,0.77,49.113,0.47,0.209,6543.445,8.993,0.476,387137.383,6034.084,240771.502,996.645,37324.068,101450.512,560.571,1.22,26.76,17.53,24.23,21.59,39.62,23.93,29.86,40.89,38.69,49.17,10.36,36.22,31.15,17.77,17.2353679,612800,84.18811541,Europe
63,Europe,1997,94.279,114.208,0.157,2069.926,2.846,51.693,0.071,1695.849,2.332,2261.471,3.11,64.982,0.089,-3.19,-206.226,0.44,0.206,6352.408,8.735,0.446,393395.511,6148.292,242841.428,1048.338,39019.917,103711.983,625.553,1.51,25.75,17.33,23.0,21.28,38.39,23.17,29.24,40.51,37.82,48.69,10.63,36.3,30.92,18.53,17.08684323,593786,81.61326886,Europe
64,Europe,1998,93.709,116.117,0.16,1980.269,2.725,50.667,0.07,1749.947,2.408,2271.758,3.126,63.429,0.087,-0.41,-25.941,0.425,0.204,6325.896,8.704,0.431,399627.698,6264.409,244821.697,1099.005,40769.864,105983.741,688.982,1.5,25.75,17.75,22.6,21.89,38.98,23.06,28.95,40.15,37.05,48.24,10.89,36.41,30.7,19.16,16.93831855,576161,79.24634687,Europe
65,Europe,1999,80.666,118.134,0.163,1899.302,2.615,51.485,0.071,1772.396,2.44,2242.615,3.088,63.655,0.088,-1.36,-84.598,0.403,0.202,6228.255,8.575,0.408,405775.287,6382.543,246720.999,1150.491,42542.26,108226.356,752.637,1.31,25.07,17.24,21.84,22.99,38.34,22.26,29.26,39.79,36.27,47.8,11.15,36.49,30.46,19.74,16.78979388,577386,79.46063554,Europe
66,Europe,2000,129.701,122.121,0.168,1963.231,2.704,51.124,0.07,1787.58,2.462,2159.665,2.974,65.312,0.09,0.02,1.445,0.383,0.199,6278.734,8.646,0.391,411924.321,6504.665,248684.23,1201.615,44329.84,110386.022,817.949,2.11,24.37,17.02,21.78,18.96,37.75,21.0,30.38,39.42,35.52,47.35,11.35,36.54,30.19,20.31,16.64126921,568603,78.26566772,Europe
67,Europe,2001,147.411,119.392,0.164,1995.498,2.747,50.398,0.069,1831.124,2.521,2214.613,3.049,64.917,0.089,2.06,126.908,0.377,0.2,6423.352,8.843,0.386,418200.262,6624.056,250679.728,1252.013,46160.965,112600.634,882.866,2.35,24.66,15.96,22.02,18.54,38.29,21.35,30.71,39.07,34.75,46.92,11.53,36.6,29.95,20.82,16.59678209,560690,77.15195891,Europe
68,Europe,2002,228.249,120.354,0.166,1972.209,2.713,57.95,0.08,1831.151,2.519,2194.893,3.019,65.1,0.09,-0.55,-34.286,0.365,0.201,6469.904,8.9,0.379,424441.918,6744.41,252651.937,1309.962,47992.116,114795.527,947.966,3.66,23.97,15.26,20.86,20.2,37.19,21.17,30.31,38.71,33.98,46.47,11.75,36.63,29.71,21.28,16.55229498,562446,77.33433444,Europe
69,Europe,2003,271.659,124.373,0.171,2017.658,2.772,58.644,0.081,1917.411,2.634,2202.52,3.026,67.235,0.092,2.34,146.186,0.362,0.202,6659.501,9.15,0.378,430829.759,6868.783,254669.595,1368.606,49909.527,116998.048,1015.201,4.25,23.34,14.67,19.68,20.34,37.62,20.65,30.64,38.33,33.19,45.97,11.97,36.66,29.47,21.72,16.50780787,557305,76.53919398,Europe
70,Europe,2004,382.933,131.817,0.181,2002.632,2.748,61.161,0.084,1951.179,2.677,2202.773,3.022,69.569,0.096,0.49,31.289,0.349,0.201,6802.064,9.333,0.37,437248.889,7000.6,256672.227,1429.767,51860.706,119200.82,1084.769,5.97,22.42,14.54,18.38,19.65,37.04,20.0,30.24,37.94,32.4,45.44,12.17,36.68,29.21,22.12,16.46332076,540056,74.06522994,Europe
71,Europe,2005,442.851,135.735,0.186,1958.751,2.683,63.727,0.087,1971.365,2.7,2211.096,3.029,69.656,0.095,-0.14,-8.801,0.336,0.2,6853.181,9.388,0.359,443659.219,7136.335,258630.978,1493.494,53832.07,121411.916,1154.425,6.91,21.65,14.14,16.93,19.19,36.55,19.91,28.9,37.53,31.63,44.87,12.36,36.67,28.97,22.44,16.41883365,539311,73.84605598,Europe
72,Europe,2006,571.041,141.932,0.194,2036.208,2.784,65.219,0.089,1979.075,2.706,2215.212,3.029,71.788,0.098,1.55,99.105,0.324,0.2,7080.476,9.683,0.353,450168.653,7278.267,260667.186,1558.713,55811.145,123627.129,1226.213,8.77,21.28,13.55,16.66,19.56,35.86,19.76,28.51,37.12,30.82,44.28,12.56,36.64,28.73,22.72,16.43550968,522697,71.44624632,Europe
73,Europe,2007,654.206,150.966,0.206,2036.827,2.78,72.9,0.1,1973.126,2.693,2150.444,2.935,73.089,0.1,-0.8,-52.082,0.306,0.2,7111.558,9.706,0.337,456626.006,7429.233,262704.013,1631.613,57784.272,125777.572,1299.302,10.13,20.5,13.45,15.9,20.92,34.58,19.12,28.22,36.7,30.04,43.68,12.79,36.57,28.48,22.97,16.45218571,520819,71.0526167,Europe
74,Europe,2008,648.713,139.526,0.19,1962.109,2.673,61.027,0.083,2000.4,2.725,2150.78,2.93,70.731,0.096,-1.13,-72.78,0.296,0.198,7033.285,9.58,0.326,463010.578,7568.76,264666.122,1692.64,59784.671,127928.352,1370.033,10.16,19.91,12.25,14.83,16.84,34.06,19.2,27.3,36.28,29.25,43.06,12.9,36.48,28.25,23.16,16.46886174,525167,71.49988763,Europe
75,Europe,2009,541.899,111.999,0.152,1744.764,2.372,59.838,0.081,1852.847,2.519,2045.147,2.78,56.577,0.077,-8.04,-513.401,0.283,0.194,6413.07,8.717,0.309,468881.749,7680.759,266410.886,1752.478,61637.518,129973.499,1426.61,9.23,18.58,9.57,13.35,16.28,32.17,18.59,23.33,35.85,28.4,42.44,12.99,36.33,28.02,23.17,16.48553777,518397,70.43208978,Europe
76,Europe,2010,560.707,113.798,0.154,1813.962,2.461,67.447,0.092,2011.272,2.728,2030.394,2.754,61.663,0.084,3.87,227.364,0.284,0.194,6659.242,9.033,0.311,474980.284,7794.556,268224.847,1819.925,63648.79,132003.894,1488.272,9.19,18.29,9.12,12.98,18.37,32.41,17.96,25.16,35.41,27.55,41.8,13.13,36.19,27.78,23.24,16.5022138,515705,69.92344555,Europe
77,Europe,2011,668.203,116.489,0.158,1858.919,2.517,70.425,0.095,1937.495,2.623,1975.668,2.675,64.673,0.088,-1.23,-74.867,0.273,0.194,6691.871,9.06,0.303,481003.952,7911.045,270083.766,1890.35,65586.284,133979.561,1552.945,11.09,17.48,8.67,12.58,19.88,30.38,17.43,23.56,34.96,26.7,41.14,13.3,35.99,27.54,23.26,16.63120853,497830,67.36737506,Europe
78,Europe,2012,509.899,112.335,0.152,1900.966,2.569,70.584,0.095,1891.6,2.556,1933.661,2.613,63.085,0.085,-0.85,-51.436,0.27,0.193,6482.13,8.76,0.292,486976.184,8023.38,271984.733,1960.934,67477.885,135913.222,1616.031,8.54,17.08,8.15,12.72,19.37,29.07,16.82,22.9,34.52,25.87,40.51,13.45,35.75,27.3,23.24,15.31009149,482776,65.208047,Europe
79,Europe,2013,474.963,110.003,0.148,1831.111,2.47,69.352,0.094,1841.353,2.484,1901.239,2.565,62.516,0.084,-2.62,-156.657,0.261,0.191,6290.537,8.485,0.282,492791.759,8133.383,273815.844,2030.286,69319.238,137814.461,1678.546,8.17,16.48,7.65,12.17,18.75,28.1,16.41,21.32,34.08,25.06,39.89,13.58,35.5,27.05,23.17,14.79927953,463113,62.44039434,Europe
80,Europe,2014,491.853,112.454,0.151,1722.348,2.319,61.086,0.082,1721.03,2.318,1910.168,2.572,62.671,0.084,-3.88,-225.818,0.247,0.189,6081.61,8.189,0.269,498381.516,8245.837,275538.192,2091.372,71040.268,139724.63,1741.217,8.8,15.73,7.53,11.43,16.01,25.84,16.42,20.63,33.64,24.29,39.27,13.64,35.18,26.81,23.06,14.2500361,444848,59.8740485,Europe
81,Europe,2015,373.355,108.133,0.145,1699.63,2.285,57.2,0.077,1709.969,2.299,1957.909,2.632,61.544,0.083,0.08,4.627,0.245,0.19,5967.739,8.023,0.261,503975.9,8353.971,277237.821,2148.572,72750.237,141682.539,1802.761,6.67,15.76,7.52,11.55,15.36,25.2,16.48,20.41,33.22,23.61,38.71,13.68,34.85,26.58,22.96,14.47106656,441116,59.27206985,Europe
82,Europe,2016,348.435,106.055,0.142,1605.197,2.154,58.811,0.079,1780.968,2.39,1979.127,2.656,60.096,0.081,-0.07,-4.131,0.243,0.187,5938.688,7.97,0.258,509566.153,8460.025,278843.018,2207.383,74531.205,143661.665,1862.857,6.23,15.77,7.17,11.18,15.17,25.56,16.55,20.11,32.82,22.95,38.16,13.72,34.55,26.36,22.86,13.43167628,416684,55.89762143,Europe
83,Europe,2017,382.385,108.219,0.145,1551.034,2.078,63.258,0.085,1837.3,2.462,1999.56,2.68,60.936,0.082,0.54,30.054,0.238,0.19,6002.691,8.044,0.254,515186.46,8568.244,280394.052,2270.641,76368.505,145661.226,1923.793,6.8,15.64,7.21,10.73,14.96,25.82,16.48,20.25,32.43,22.34,37.63,13.75,34.27,26.14,22.76,13.46590686,399625,53.52621094,Europe
84,North America,1990,-93.03,54.372,0.128,1957.887,4.621,57.801,0.136,1222.807,2.886,2664.334,6.289,27.311,0.064,-0.56,-33.588,0.536,0.22,5891.482,13.906,0.528,276634.418,2027.833,127021.671,1390.868,41330.244,104297.002,566.8,-1.55,26.31,10.89,22.47,22.84,31.83,28.9,12.25,34.25,16.71,29.02,17.02,52.73,38.72,30.64,9.554770848,110408,25.82536548,North America
85,North America,1991,-105.543,52.197,0.122,1948.18,4.54,57.573,0.134,1247.793,2.908,2600.055,6.06,26.92,0.063,-0.87,-51.795,0.531,0.218,5827.175,13.581,0.521,282567.135,2080.03,128969.851,1448.441,42578.037,106897.057,593.72,-1.78,25.53,10.18,22.57,21.5,31.84,26.83,12.5,34.01,16.44,28.9,17.16,51.73,38.3,28.75,9.528190668,109722,25.35964291,North America
86,North America,1992,-17.972,52.877,0.122,1973.354,4.542,58.698,0.135,1290.184,2.969,2655.655,6.112,26.462,0.061,2.1,124.513,0.524,0.219,6039.259,13.9,0.522,288624.366,2132.907,130943.205,1507.14,43868.221,109552.712,620.182,-0.3,26.84,9.9,23.4,24.74,32.56,28.91,12.27,33.82,16.18,28.8,17.37,50.85,38.0,27.19,9.501610488,109047,24.88954223,North America
87,North America,1993,-71.251,55.585,0.126,2026.203,4.605,59.008,0.134,1322.542,3.006,2674.693,6.079,25.852,0.059,1.76,106.652,0.519,0.219,6092.632,13.847,0.513,294788.248,2188.493,132969.407,1566.147,45190.763,112227.405,646.033,-1.16,27.03,10.0,23.75,25.27,32.49,29.08,12.02,33.64,15.93,28.7,17.57,50.02,37.73,25.88,9.475030308,111159,25.05543565,North America
88,North America,1994,-73.819,59.479,0.134,2044.334,4.588,59.804,0.134,1354.945,3.041,2742.213,6.154,27.485,0.062,2.02,124.377,0.508,0.218,6214.441,13.946,0.503,301076.508,2247.972,135013.741,1625.951,46545.709,114969.617,673.518,-1.17,27.38,10.04,23.83,25.23,32.99,29.69,12.77,33.48,15.69,28.61,17.77,49.28,37.49,24.84,9.448450128,111941,24.91350563,North America
89,North America,1995,-103.968,58.47,0.13,2069.683,4.585,59.948,0.133,1410.599,3.125,2721.424,6.028,30.515,0.068,0.99,62.379,0.503,0.216,6246.671,13.838,0.495,307427.146,2306.442,137083.424,1685.898,47956.308,117691.041,704.034,-1.64,27.08,9.33,23.46,25.5,33.47,29.16,13.72,33.32,15.42,28.52,17.97,48.61,37.24,24.0,9.421869948,112758,24.77309913,North America
90,North America,1996,-127.969,59.821,0.131,2156.417,4.714,65.097,0.142,1445.302,3.159,2817.974,6.16,31.677,0.069,3.55,225.65,0.501,0.216,6448.319,14.096,0.492,314003.435,2366.263,139239.84,1750.996,49401.609,120509.015,735.711,-1.95,27.23,9.36,23.83,27.44,32.83,29.33,14.35,33.17,15.17,28.43,18.2,47.93,37.01,23.32,9.418330473,111733,24.22547262,North America
91,North America,1997,-63.899,62.717,0.135,2206.76,4.759,68.039,0.147,1455.815,3.14,2870.127,6.19,31.608,0.068,1.81,118.777,0.487,0.218,6631.166,14.302,0.483,320698.5,2428.98,141446.6,1819.034,50857.424,123379.142,767.319,-0.95,27.55,9.52,24.52,28.02,32.96,29.41,14.22,33.02,14.94,28.36,18.44,47.32,36.79,22.72,9.414790998,111007,23.74716159,North America
92,North America,1998,66.945,64.444,0.137,2242.057,4.771,66.507,0.142,1437.822,3.06,2922.612,6.219,32.496,0.069,1.06,70.872,0.471,0.219,6832.883,14.54,0.476,327464.438,2493.425,143688.657,1885.541,52295.246,126301.754,799.815,0.99,27.95,9.85,25.59,28.73,32.03,29.67,14.83,32.9,14.75,28.31,18.68,46.71,36.58,22.24,9.411251522,111276,23.48889695,North America
93,North America,1999,145.94,66.236,0.139,2247.663,4.721,61.016,0.128,1456.092,3.059,2998.391,6.298,32.384,0.068,1.42,95.844,0.456,0.218,7007.722,14.72,0.466,334326.22,2559.661,145936.32,1946.557,53751.338,129300.144,832.199,2.13,27.99,9.67,25.85,27.25,31.5,29.76,14.89,32.78,14.55,28.27,18.86,46.1,36.39,21.82,9.407712047,111503,23.23427457,North America
94,North America,2000,240.421,68.712,0.143,2337.879,4.85,61.666,0.128,1532.731,3.18,3077.043,6.384,29.661,0.062,3.58,245.91,0.452,0.22,7348.113,15.245,0.468,341433.911,2628.373,148274.199,2008.223,55284.07,132377.187,861.86,3.38,28.17,9.57,25.94,22.87,32.37,29.92,13.8,32.67,14.35,28.23,18.97,45.57,36.21,21.4,9.404172572,109735,22.57344943,North America
95,North America,2001,239.666,68.311,0.14,2274.851,4.665,58.695,0.12,1476.931,3.029,3107.449,6.372,28.394,0.058,-1.31,-93.06,0.442,0.222,7254.297,14.876,0.457,348448.543,2696.684,150549.05,2066.918,56761.0,135484.636,890.255,3.42,27.56,9.13,25.1,21.59,30.88,29.95,13.43,32.55,14.15,28.18,19.03,45.01,36.03,21.0,9.423584261,107989,21.95918191,North America
96,North America,2002,342.789,70.894,0.144,2281.241,4.627,57.516,0.117,1534.912,3.113,3094.265,6.276,29.298,0.059,0.76,53.495,0.436,0.22,7410.915,15.031,0.458,355516.669,2767.577,152830.291,2124.434,58295.912,138578.901,919.553,4.85,27.14,8.99,24.13,20.05,31.18,29.84,13.64,32.42,13.94,28.11,19.06,44.49,35.87,20.64,9.44299595,106490,21.41910219,North America
97,North America,2003,315.683,71.395,0.143,2329.536,4.675,57.285,0.115,1517.517,3.045,3180.046,6.382,28.082,0.056,1.64,115.733,0.432,0.223,7499.542,15.05,0.451,362700.528,2838.972,155159.827,2181.719,59813.429,141758.946,947.635,4.39,26.25,8.42,22.73,19.87,29.78,29.82,12.8,32.27,13.72,28.01,19.08,43.94,35.71,20.28,9.462407639,103119,20.52329872,North America
98,North America,2004,403.967,74.921,0.149,2348.431,4.663,55.885,0.111,1525.893,3.03,3247.509,6.448,30.13,0.06,1.38,98.91,0.421,0.221,7686.736,15.262,0.445,369983.297,2913.893,157508.258,2237.604,61339.322,145006.456,977.764,5.55,25.44,8.26,21.55,17.96,28.97,29.48,13.1,32.1,13.49,27.89,19.05,43.38,35.54,19.94,9.481819328,98804,19.45827488,North America
99,North America,2005,454.097,76.963,0.151,2381.962,4.678,56.651,0.111,1512.224,2.97,3271.003,6.424,31.449,0.062,0.65,47.484,0.41,0.222,7784.35,15.289,0.435,377313.55,2990.856,159890.22,2294.255,62851.547,148277.459,1009.214,6.19,24.76,8.01,20.59,17.06,28.03,29.45,13.05,31.92,13.25,27.74,18.99,42.82,35.38,19.62,9.501231017,97217,18.94068022,North America
100,North America,2006,520.418,79.352,0.154,2351.846,4.568,59.558,0.116,1513.061,2.939,3228.408,6.27,33.005,0.064,-0.89,-65.024,0.394,0.221,7785.647,15.122,0.422,384578.779,3070.208,162242.066,2353.813,64364.607,151505.867,1042.218,7.16,23.76,7.58,19.24,17.86,27.41,28.8,13.11,31.71,13.0,27.56,18.96,42.26,35.21,19.31,9.453619084,94332,18.17650658,North America
101,North America,2007,459.956,79.642,0.153,2377.403,4.566,65.296,0.125,1600.959,3.074,3220.611,6.185,32.178,0.062,1.53,110.859,0.392,0.22,7836.044,15.048,0.416,391954.868,3149.85,164619.469,2419.109,65965.567,154726.477,1074.396,6.24,23.42,7.09,18.56,18.74,28.06,28.64,12.42,31.5,12.73,27.37,18.96,41.75,35.04,19.0,9.406007151,89246,17.0044641,North America
102,North America,2008,377.483,74.67,0.142,2332.083,4.428,81.569,0.155,1611.255,3.059,3027.82,5.749,30.865,0.059,-2.95,-217.827,0.38,0.218,7535.745,14.308,0.4,399113.13,3224.52,166951.552,2500.679,67576.821,157754.298,1105.261,5.27,22.32,6.56,17.62,22.51,27.44,27.03,11.91,31.27,12.46,27.16,19.06,41.23,34.84,18.69,9.358395218,84461,15.91285283,North America
103,North America,2009,310.615,59.76,0.112,2043.969,3.838,74.341,0.14,1589.19,2.984,2876.454,5.401,27.04,0.051,-6.81,-487.508,0.364,0.213,6981.369,13.109,0.381,405783.884,3284.28,168995.52,2575.019,69166.012,160630.752,1132.301,4.66,21.11,5.11,15.64,20.23,27.59,26.15,11.15,31.03,12.14,26.92,19.09,40.77,34.63,18.39,9.310783285,79481,14.81042149,North America
104,North America,2010,358.944,61.435,0.114,2164.487,4.021,67.735,0.126,1658.672,3.081,2890.856,5.37,32.582,0.06,3.07,205.013,0.364,0.213,7234.711,13.44,0.383,412659.651,3345.715,171160.007,2642.754,70824.683,163521.608,1164.883,5.22,20.62,4.92,15.49,18.45,26.73,25.57,13.29,30.77,11.83,26.67,19.07,40.27,34.42,18.19,9.263171352,75944,14.00151695,North America
105,North America,2011,382.646,63.077,0.116,2052.136,3.773,67.404,0.124,1700.8,3.127,2856.194,5.251,31.997,0.059,-1.51,-104.159,0.351,0.209,7154.254,13.154,0.371,419431.259,3408.792,173212.143,2710.158,72525.483,166377.802,1196.881,5.65,19.65,4.7,13.88,19.02,26.67,25.19,11.66,30.49,11.5,26.38,19.07,39.8,34.2,17.93,9.630811687,75448,13.76844355,North America
106,North America,2012,428.106,67.576,0.123,1820.263,3.313,67.18,0.122,1767.532,3.217,2825.092,5.142,32.639,0.059,-2.83,-191.325,0.334,0.208,7008.389,12.757,0.355,426011.542,3476.368,175032.407,2777.338,74293.015,169202.894,1229.52,6.51,18.81,4.9,12.18,18.44,27.16,24.57,11.85,30.2,11.21,26.07,19.05,39.36,33.98,17.68,8.914901948,73033,13.1967598,North America
107,North America,2013,373.621,67.187,0.121,1877.114,3.384,73.976,0.133,1820.091,3.281,2843.346,5.126,33.209,0.06,2.05,134.641,0.335,0.207,7088.545,12.779,0.353,432726.465,3543.555,176909.521,2851.314,76113.107,172046.24,1262.729,5.56,19.03,4.67,12.48,20.0,27.78,24.54,11.33,29.93,10.92,25.77,19.08,38.97,33.77,17.43,8.641442734,70771,12.66680793,North America
108,North America,2014,342.734,71.263,0.127,1867.9,3.336,82.657,0.148,1851.455,3.307,2846.079,5.083,34.588,0.062,0.58,39.019,0.329,0.206,7096.677,12.675,0.345,439480.408,3614.818,178777.421,2933.971,77964.562,174892.319,1297.317,5.07,19.01,4.77,12.4,21.67,27.8,24.47,11.38,29.66,10.65,25.48,19.14,38.61,33.56,17.18,8.142225648,68018,12.06261483,North America
109,North America,2015,326.738,73.071,0.129,1635.664,2.895,89.526,0.158,1899.522,3.362,2882.066,5.101,32.854,0.058,-2.09,-141.239,0.314,0.203,6939.442,12.282,0.33,446093.112,3687.889,180413.085,3023.497,79864.084,177774.386,1330.171,4.94,18.63,5.08,11.11,24.04,27.99,24.26,10.9,29.41,10.42,25.19,19.26,38.26,33.35,16.94,7.973349587,66704,11.72485083,North America
110,North America,2016,309.904,70.858,0.124,1509.631,2.648,80.851,0.142,1901.034,3.335,2878.801,5.05,30.184,0.053,-2.14,-141.345,0.303,0.199,6781.263,11.897,0.317,452564.472,3758.747,181922.716,3104.349,81765.117,180653.187,1360.355,4.79,18.25,4.79,10.51,20.85,27.28,24.07,10.1,29.15,10.2,24.9,19.3,37.91,33.15,16.69,7.32104817,64353,11.21494915,North America
111,North America,2017,335.009,72.914,0.127,1467.602,2.553,75.8,0.132,1874.524,3.261,2892.774,5.032,29.369,0.051,-0.9,-58.378,0.292,0.201,6747.991,11.738,0.308,458977.453,3831.661,183390.319,3180.148,83639.642,183545.961,1389.724,5.22,17.85,4.86,10.15,17.93,26.34,23.85,9.76,28.9,9.99,24.61,19.26,37.54,32.94,16.44,7.311074589,62260,10.76077313,North America
